file_name,start_time,end_time
PDR_Traj_No01_worker1_0305.txt,1551768945.122,1551790356.641
PDR_Traj_No02_worker2_0309.txt,1552092434.562,1552114595.433
PDR_Traj_No03_worker3_0307.txt,1551944869.613,1551963531.904
PDR_Traj_No04_worker4_0304.txt,1551667561.724,1551680391.380
PDR_Traj_No05_worker5_0308.txt,1552028540.965,1552048818.362
PDR_Traj_No06_worker5_0309.txt,1552114958.894,1552134909.553
PDR_Traj_No07_worker5_0311.txt,1552287532.739,1552308113.548
PDR_Traj_No08_worker6_0305.txt,1551749513.566,1551769413.358
PDR_Traj_No09_worker6_0308.txt,1552006889.596,1552028782.610
PDR_Traj_No10_worker6_0310.txt,1552179537.255,1552201361.369
